/*
SQLyog Community v10.1 
MySQL - 5.5.34 : Database - indicadores_planeacion
*********************************************************************
*/

/*!40101 SET NAMES utf8 */;

/*!40101 SET SQL_MODE=''*/;

/*!40014 SET @OLD_UNIQUE_CHECKS=@@UNIQUE_CHECKS, UNIQUE_CHECKS=0 */;
/*!40014 SET @OLD_FOREIGN_KEY_CHECKS=@@FOREIGN_KEY_CHECKS, FOREIGN_KEY_CHECKS=0 */;
/*!40101 SET @OLD_SQL_MODE=@@SQL_MODE, SQL_MODE='NO_AUTO_VALUE_ON_ZERO' */;
/*!40111 SET @OLD_SQL_NOTES=@@SQL_NOTES, SQL_NOTES=0 */;
CREATE DATABASE /*!32312 IF NOT EXISTS*/`indicadores_planeacion` /*!40100 DEFAULT CHARACTER SET latin1 */;

USE `indicadores_planeacion`;

/*Table structure for table `cg` */

DROP TABLE IF EXISTS `cg`;

CREATE TABLE `cg` (
  `id_cg` int(11) NOT NULL AUTO_INCREMENT,
  `clave` varchar(20) DEFAULT NULL,
  `denominacion` varchar(100) DEFAULT NULL,
  PRIMARY KEY (`id_cg`),
  UNIQUE KEY `UI_CLAVE` (`clave`)
) ENGINE=InnoDB AUTO_INCREMENT=90 DEFAULT CHARSET=latin1;

/*Data for the table `cg` */

insert  into `cg`(`id_cg`,`clave`,`denominacion`) values (1,'A100100','Presidencia'),(2,'A100600','Alcaldía Municipal'),(3,'A100500','Procuraduría Social'),(4,'A100200','D. G. de Comunicación Social'),(5,'A100300','Dirección de Relaciones Públicas'),(6,'A100400','D. G. de Innovación '),(7,'A110000','Sría. Municipal'),(8,'A110100','Sub. Jurídica'),(9,'A110201','D. de Derechos Humanos'),(10,'A110202','D. Jurídica'),(11,'A110200','Sub. de Gobierno'),(12,'A110101','D. de Tenencia de la Tierra'),(13,'A110102','D. de Catastro Municipal'),(14,'A110300','Sub. de Agencias y Colonias'),(15,'A110301','D. de Concertación S. y P.  Ciudadana'),(16,'A110302','D. de Enlace con Ag.  Mun. y de Policía'),(17,'A300101','Agencia de Candiani'),(18,'A300102','Agencia de 5 Señores'),(19,'A300103','Agencia deDolores'),(20,'A300104','Agencia Donají'),(21,'A300105','Agencia de Guadalupe Victoria'),(22,'A300106','Agencia de Montoya'),(23,'A300107','Agencia de Pueblo Nuevo'),(24,'A300108','Agencia de San Felipe del Agua'),(25,'A300109','Agencia de San Juan Chapultepec'),(26,'A300110','Agencia de San Luis Beltrán'),(27,'A300111','Agencia de San Martín Mexicapam'),(28,'A300112','Agencia de Santa Rosa'),(29,'A300113','Agencia de Trinidad de Viguera'),(30,'A100700','Junta de Arbitraje'),(31,'A200101','Sindicaturas'),(32,'A200102','Regidurías'),(33,'A120000','Sría. de Finanzas y Administración'),(34,'A120100','Sub. de Finanzas '),(35,'A120101','D. de Egresos'),(36,'A120102','D. de Ingresos y Control Fiscal'),(37,'A120103','D. de Planeación y Control Presupuestal'),(38,'A120104','D. de Contabilidad Gubernamental'),(39,'A120200','Sub. de Administración'),(40,'A120201','D. de Recursos Humanos'),(41,'A120202','D. de Bienes y Licitaciones'),(42,'A120203','D. de Control Patrimonial'),(43,'A130000','Sría.   Des. Urbano, Ecología y Obras P.'),(44,'A130100','Sub. de Desarrollo Urbano y Ecología'),(45,'A130101','D.de Administración de Obra Privada'),(46,'A130102','D.Proyectos Arquitectónicos y Urbanos'),(47,'A130103','D.del Centro Histórico y Pat. Edificado'),(48,'A130104','D. de Ecología'),(49,'A130200','Sub. de Obras Públicas '),(50,'A130201','D. de Proyectos de Inf. y Exp.Técnicos'),(51,'A130202','D. de Costos y Licitaciones'),(52,'A130203','D. de Construcción y Supervisión '),(53,'A140000','Sría. de Servicios a la Comunidad'),(54,'A140100','Sub. de Servicios Públicos'),(55,'A140101','Dirección de Operaciones y Servicios'),(56,'A140102','Dirección de Sistemas de Limpia'),(57,'A140200','Sub. de Mercados y Ord. Comercial'),(58,'A140202','D. de Normatividad en Vía Pública'),(59,'A140201','D. de Mercados Públicos'),(60,'A150000','Sría. de Desarrollo Humano'),(61,'A150100','Sub. de Salud Educación y Cultura'),(62,'A150101','D. de Educación'),(63,'A150102','D. de Cultura y Espectáculos'),(64,'A150103','D. de Salud'),(65,'A150200','Sub. de Ate´n a Grupos, Juv. y Deporte'),(66,'A150201','D. de Atención a la Juventud'),(67,'A150202','D. de Atención al Deporte'),(68,'A150203','D. de Atención a Grupos Sociales'),(69,'A160000','Com. de Seg.Púb.,Vialidad, T. y P Civil '),(70,'A160001','D. Jurídica de la Comisión '),(71,'A160002','D. de Logística'),(72,'A160003','Comisaría de Seguridad Pública'),(73,'A160004','Comisaría de Vialidad '),(74,'A160005','Comisaría de Protección Civil'),(75,'A170000','Sría.  de Desarrollo Económico'),(76,'A170001','D.de Des. Comp.e Inteligencia Emp.'),(77,'A170002','D. de Capacitación y Empleo'),(78,'A180000','Sría.  de Turismo'),(79,'A180001','D. de Productos Turísticos'),(80,'A180002','D. de Servicios Turísticos'),(81,'A190000','Contraloría Municipal'),(82,'A190001','Coord.de Transp.y Acceso a la Inf.Púb.'),(83,'A190002','D.de Aud. Contable Financiera y Social'),(84,'A190003','D. de Resp. y Situación Patrimonial'),(85,'A190004','D. de Aud. a Obra Pública y Suministro'),(86,'B010000','Instituto Municipal de la Vivienda'),(87,'B020000','Instituto Municipal de la Mujer'),(88,'B030000','Sistema Municipal DIF'),(89,'B040000','Clínica de la Mujer');

/*Table structure for table `cg_programas_indicadores` */

DROP TABLE IF EXISTS `cg_programas_indicadores`;

CREATE TABLE `cg_programas_indicadores` (
  `id_cg` int(11) NOT NULL,
  `id_programa` int(11) NOT NULL,
  `id_indicador` int(11) NOT NULL,
  `id_frecuencia` int(11) DEFAULT '7',
  `meta_num` int(11) DEFAULT '0',
  `avance` int(11) DEFAULT '0',
  PRIMARY KEY (`id_cg`,`id_programa`,`id_indicador`)
) ENGINE=InnoDB DEFAULT CHARSET=latin1;

/*Data for the table `cg_programas_indicadores` */

insert  into `cg_programas_indicadores`(`id_cg`,`id_programa`,`id_indicador`,`id_frecuencia`,`meta_num`,`avance`) values (1,2,2,4,300,0),(2,2,2,4,300,0),(3,2,2,4,300,0),(4,3,3,4,240,0),(5,3,3,4,240,0),(6,4,4,7,10,0),(7,5,5,4,1310,0),(8,5,5,4,1310,0),(9,5,5,4,1310,0),(10,5,5,4,1310,0),(11,6,6,4,3200,0),(12,6,6,4,3200,0),(13,6,6,4,3200,0),(14,7,1,1,0,0),(15,7,7,4,60,0),(16,7,8,4,150,0),(30,8,9,4,1850,0),(31,1,1,1,0,0),(32,1,1,1,0,0),(33,9,10,7,100,0),(34,9,10,7,100,0),(35,9,10,7,100,0),(36,9,10,7,100,0),(37,9,10,7,100,0),(38,9,10,7,100,0),(39,9,10,7,100,0),(40,9,10,7,100,0),(41,9,10,7,100,0),(42,9,10,7,100,0),(43,10,11,7,5,0),(44,10,11,7,5,0),(45,10,11,7,5,0),(46,10,11,7,5,0),(47,10,11,7,5,0),(48,10,11,7,5,0),(49,11,1,1,0,0),(50,11,1,1,0,0),(51,11,1,1,0,0),(52,11,1,1,0,0),(53,12,12,7,60,0),(54,12,12,7,60,0),(55,12,12,7,60,0),(56,12,12,7,60,0),(57,13,1,1,0,0),(58,13,13,4,415,0),(59,13,14,7,8,0),(59,13,15,7,6000,2000),(60,14,16,4,339,0),(61,14,16,4,339,0),(62,14,16,4,339,0),(63,14,16,4,339,0),(64,14,16,4,339,0),(65,15,26,4,789,0),(66,15,26,4,789,0),(67,15,26,4,789,0),(68,15,26,4,789,0),(69,16,17,4,25036,0),(70,16,17,4,25036,0),(71,16,17,4,25036,0),(72,16,17,4,25036,0),(73,16,17,4,25036,0),(74,16,17,4,25036,0),(75,17,18,4,400,0),(76,17,18,4,400,0),(77,18,19,4,120,0),(77,18,20,7,400,0),(78,19,21,7,10,0),(79,19,21,7,10,0),(80,20,19,7,15,0),(80,20,28,7,19,0),(81,21,27,4,100,0),(82,21,27,4,100,0),(83,21,27,4,100,0),(84,21,27,4,100,0),(85,21,27,4,100,0),(86,22,22,4,300,0),(87,23,23,4,260,0),(88,24,24,4,25036,0),(89,25,25,4,19800,0);

/*Table structure for table `frecuencia` */

DROP TABLE IF EXISTS `frecuencia`;

CREATE TABLE `frecuencia` (
  `id_frecuencia` int(11) NOT NULL AUTO_INCREMENT,
  `frecuencia` varchar(50) DEFAULT NULL,
  PRIMARY KEY (`id_frecuencia`)
) ENGINE=InnoDB AUTO_INCREMENT=8 DEFAULT CHARSET=latin1;

/*Data for the table `frecuencia` */

insert  into `frecuencia`(`id_frecuencia`,`frecuencia`) values (1,'Sin medición'),(2,'Mensual'),(3,'Bimestral'),(4,'Trimestral'),(5,'Cuatrimestral'),(6,'Semestral'),(7,'Anual');

/*Table structure for table `indicadores` */

DROP TABLE IF EXISTS `indicadores`;

CREATE TABLE `indicadores` (
  `id_indicador` int(11) NOT NULL AUTO_INCREMENT,
  `indicador` varchar(500) DEFAULT NULL,
  `unidad` varchar(100) DEFAULT NULL,
  `formula` varchar(500) DEFAULT NULL,
  `meta` varchar(500) DEFAULT NULL,
  PRIMARY KEY (`id_indicador`)
) ENGINE=InnoDB AUTO_INCREMENT=29 DEFAULT CHARSET=latin1;

/*Data for the table `indicadores` */

insert  into `indicadores`(`id_indicador`,`indicador`,`unidad`,`formula`,`meta`) values (1,'Sin indicadores','sin metas','',''),(2,'Solicitudes atendidas por la Procuraduría Social en relación a las programadas','Solicitudes Atendidas','Número de solicitudes atendidas por la Procuraduría Social / Número de solicitudes programadas','Atender y resolver ## casos directamente por parte de la Procuraduría Social'),(3,'Eventos Municipales realizados en relación a los programados','Eventos ','Número de Eventos Municipales realizados / Número de Eventos Municipales programados','## Eventos Municipales realizados'),(4,'Propuestas de agilización de procesos en relación a las programadas','Propuestas','Número de propuestas de procesos por agilizar / Número de propuestas de procesos programadas','Proponer la debida agilizacion de ## procesos entre los tramites de mayor demanda'),(5,'Intervenciones de Controversia Jurídicaen relación a las programadas','Intervenciones de Controversia Júridica','Número de Intervenciones de Controversia Jurídica realizadas / Número de Intervenciones de Controversia Jurídica Programadas','Atender ## intervenciones de Controversia Jurídica'),(6,'Trámites de modificación y escrituras gestionadas en relación a las programadas','Trámites','Número de trámites de modificación y escrituras gestionadas / Número de trámites de modificación y escrituras programadas','Realizar ## tramites de modificación al padrón predial y escrituras gestionadas'),(7,'Convocatorias Emitidas en relación a las programadas','Convocatorias','Número de Convocatorias emitidas / Número de Convocatorias programadas','Emitir ## Convocatorias'),(8,'Gestiones Tramitadas en relación a las programadas','Gestiones','Número de Gestiones tramitadas / Número de Gestiones programadas','Tramitar ## Gestiones'),(9,'Actuaciones realizadas por la Junta de Conciliación y Arbitraje Municipalen relación a las programadas','Actuaciones ','Número de Actuaciones realizadas / Número de acciones programadas','Realizar ## Actuaciones'),(10,'Porcentaje de programas atendidos presupuestalmente','Porcentaje','(Número de Programas atendidos presupuestalmente / Total de Programas ) * 100','Dar seguimiento financiero y operativo a los 26 programas municipales establecidos en el presupuesto'),(11,'Asentamientos Humanos reconocidos en relación a los programados','Asentamientos','Número de asentamientos Humanos reconocidos / Número de asentamientos Humanos programados a reconocer','Regularizar y reconocer de manera oficial ## asentamientos humanos en la Agencia Municipal de Trinidad de Viguera'),(12,'Porcentaje de atención a las solicitudes de la comunidad','Porcentaje de solicitudes atendidas','(Número de atención a la solicitudes de la comunidad / Número de solicitudes realizadas) * 100','Atender el ##% de las solicitudes de la ciudadanía de los Servicios Públicos Municipales'),(13,'Visitas de Inspección y Verificación en relación a las programadas','Visitas de Inspección y Verificación ','Número de Visitas de Inspección y Verificación realizados / Número de Visitas de inspección y Verificación programadas','Ejecutar ## visitas de inspección y verificación'),(14,'Programas del Radio al aire en relación a los programados','Programas de Radio ','Número de Programas de Radio realizados / Número de Programas de Radio programados','Realizar ## programas de radio para la promoción de los mercados'),(15,'Ejemplares de Revistas en relación a las programadas','Ejemplares de Revistas ','Número de Ejemplares de Revistas realizados / Número de Ejemplares de Revistas programados','Públicar ## ejemplares de revistas promocionales para los mercados municipales'),(16,'Acciones realizadas a favor de la salud, educación y la cultura en relación a las programadas','Acciones realizadas','Número de acciones realizadas / Programadas','Realizar ## acciones a favor de la salud, educación y cultura'),(17,'Reportes atendidos en relación a los programados','Reportes','Número de Reportes atendidos / Número de Reportes programados a atender','Atender ## reportes realizados por la ciudadania'),(18,'Número de ciudadanos beneficiados en realación a los programados','Ciudadanos beneficiados','Número de ciudadanos beneficiados / Número de ciudadanos programados a beneficiar','Beneficiar a ## ciudadanos'),(19,'Cursos impartidos en relación a los programados','Cursos','Número de Cursos impartidos / Número de Cursos programados','Impartir ## cursos'),(20,'Número de ciudadanos beneficiados en realación a los programados','Personas vinculadas','Número de personas vinculadas a empresas / Número de personas programadas a vincular','Beneficiar a ## ciudadanos'),(21,'Ferias realizadas en relación a las programadas','Ferias','Número de Ferias realizadas / Número de Ferias programadas','Realizar ## Ferias promocionales Nacionales e Internacionales'),(22,'Créditos Otorgados en relación a los programados','Créditos ','Número de créditos otorgados / Número de créditos programados','Facilitar el acceso a ## créditos de vivienda'),(23,'Mujeres en situación de violencia de género atendidas en relación a las programadas','Mujeres atendidas','Número de mujeres en situación de violencia de género atendidas / Número de mujeres en situación de violencia de género programadas','Atender ## mujeres en situación de violencia de género'),(24,'Personas atendidas en relación a las programadas por atender','Personas atendidas','Número de personas atendidas / Número de personas programadas a atender','Atender ## reportes realizados por la ciudadania'),(25,'Participaciones Médicas Realizadas en relación a las programadas','Participaciones Médicas ','Número de Participaciones Médicas realizadas / Número de participaciones Médicas programadas','Proporcionar ## participaciones médicas'),(26,'Acciones Realizadas a favor de la juventud, grupos sociales y deporte en relación a las programadas','Acciones realizadas','Número de Acciones Realizadas / Número de Acciones Programadas','Realizar ## acciones en beneficio de la juventud, grupos sociales y deportes'),(27,'Porcentaje de Auditorias y revisiones realizadas','Porcentaje de auditorías','(numero de auditorias realizadas / numero de auditorias programadas) * 100','Ejecutar el total de auditorías programadas en el ejercicio 2015 (##)'),(28,'Eventos realizados en relación a los programados','Eventos ','Número de Eventos realizados / Número de Eventos programados','Realizar ## eventos de promoción turística');

/*Table structure for table `medios` */

DROP TABLE IF EXISTS `medios`;

CREATE TABLE `medios` (
  `id_medio` int(11) NOT NULL AUTO_INCREMENT,
  `causa` varchar(500) DEFAULT NULL,
  `medio` varchar(500) DEFAULT NULL,
  PRIMARY KEY (`id_medio`)
) ENGINE=InnoDB AUTO_INCREMENT=67 DEFAULT CHARSET=latin1;

/*Data for the table `medios` */

insert  into `medios`(`id_medio`,`causa`,`medio`) values (1,'Desconocimiento ciudadano de las autoridades competentes para brindar atención a sus demandas','Conocimiento ciudadano de las autoridades competentes para brindar atención a sus demandas'),(2,'Baja cobertura para la captación de las demandas ciudadanas','Amplia cobertura para la captación de las denuncias ciudadanas'),(3,'Ineficiente proceso de atención de las demandas sociales de forma transparente, con equidad y justicia. ','Eficiente proceso de atención a las demandas sociales de la ciudadanía de forma transparente, con equidad y justicia. '),(4,'Escasa atención profesional para efectua los eventos de relaciones públicas municipales','Mayor atención profesional para efectuar los eventos de relaciones públicas municipales'),(5,'Desorganizada y dispersa información de las actividades relevantes del actuar municipal, creando problemas en los medios de comunicación. ','Información accesible de las actividades relevantes del actuar municipal. '),(6,'Poco aprovechamiento de las nuevas tecnologías','Aprovechamiento de las nuevas tecnologías'),(7,'Escasa calidad en los servicios municipales por el exceso de tiempo empleado en la ejecución de los trámites. ','Mejorar la calidad del servicio municipal, disminuyendo los tiempos de espera en trámites. '),(8,'Personal insuficiente','Personal suficiente'),(9,'Falta de capacitación del personal. ','Personal capacitado. '),(10,'Desorganización en la información','Información organizada'),(11,'Datos aislados','Datos vinculados'),(12,'Inexistencia del padrón actual de propietarios','Padrón actual de propietarios'),(13,'Cartografía y bases de datos no vinculadas. ','Cartografías y bases de datos vinculados. '),(14,'Falta de conocimiento de los habitantes del Municipio, de los programas y servicios a los que pueden acceder','Conocimiento de los habitantes del Municipio de los programas y servicios a los que pueden acceder'),(15,'Desconocimiento de los procesos para renovar a las autoridades auxiliares','Conocimiento de los procesos para renovar las autoridades auxiliares'),(16,'Los habitantes del Municipio no hacen uso de los programas y servicios a los que pueden acceder','Habitantes del Municipio hacen uso de los diversos programas y servicios que se brindan'),(17,'Las autoridades auxiliares no se renuevan en tiempo y forma. ','Las autoridades auxiliares se renuevan en tiempo y forma. '),(18,'Inadecuados controles administrativos y financieros','Adecuados controles administrativos y financieros'),(19,'Ineficiencia en manejar y controlar los recursos financieros, materiales, técnicos y humanos del Municipio. ','Manejar y controlar de manera eficiente los recursos financieros, materiales, técnicos y humanos. '),(20,'Normativa obsoleta para el impulso de la inversión en obra pública y privada','Mejorar la normativa pertinente para el impulso de la inversión en obra pública y privad'),(21,'No reconocimiento formal de los asentamientos irregulares en los planes de desarrollo urbano. ','Incluir los asentamientos irregulares en los planes de desarrollo urbano. '),(22,'Servicio de limpia y de recolección de residuos sólidos ineficiente','Otorgar un mejor servicio de limpia y de recolección de residuos sólidos'),(23,'Escases de fosas en los panteones municipales y carentes de servicios básicos dentro de ellos','Solventar la necesidad de fosas en los panteones municipales y mejorar los servicios básicos dentro de ellos'),(24,'Escaso mantenimiento de las áreas verdes del Municipio','Mejoramiento de las áreas verdes del Municipio'),(25,'Servicio de alumbrado público carente de atención. ','Mejorar el servicio de alumbrado público en todo el Municipio. '),(26,'Poca cultura de ordenamiento comercial en vía pública','Mayor cultura del ordenamiento comercial en ví pública'),(27,'Desinterés por impulsar de manera económica a los mercados pertenecientes al municipio','Otorgar un impulso económico a los mercados pertenenecientes al Municipio'),(28,'Rezago en la educación básica en el Municipio','Atender el rezago en la educación básica en el Municipio'),(29,'Escasa cultura de prevención de enfermedades','Promover una cultura d prevención de enfermedades'),(30,'Falta de expresiones artísticas que integren a la ciudadanía.','Incrementar las expresiones artísticas. '),(31,'Desinterés por impulsar el desarrollo de los jóvenes','Impulsar el desarrollo de los jóvenes, fomentando su participación ciudadana y la inclusión a la población económicamente activa'),(32,'Discriminación a las personas de grupos sociales vulnerables','Evitar la discriminación de las personas de grupos sociales vulnerables'),(33,'Incremento en la vida sedentaria en las personas. ','Fomentar el deporte como un estilo de vida. '),(34,'Poca cultura víal en los habitantes del Municipio','Mejorar la cultura vial en los habitantes del Municipio'),(35,'Poca participación y cohesión ciudadana para la prevención de la violencia y la delincuencia','Impulsar la participación y cohesión ciudadana para la prevención de la violencia y la delincuencia'),(36,'Falta de una consciencia colectiva relacionada con la seguridad y protección civi','Crear una conciencia colectiva relacionada con la seguridad y protección civil'),(37,'Escaso compromiso para fortalecer al cuerpo policial para desarrollar su crecimiento laboral. ','Fortalecer el cuerpo policial para desarrollar su crecimiento laboral. '),(38,'Falta de emprendedores','Incremento de emprendedores'),(39,'Marco normativo desactualizado','Adecuado marco normativo'),(40,'Poco interes de los empresarios a generar nuevas y mejores estrategias que desarrollen su economía','Incrementar el interés por los empresarios a generar nuevas y mejores estrategias que desarrollen su economía'),(41,'Procesos administrativos ineficientes, rezagando el desarrollo de proyectos de negocios.','Optimizar los procesos administrativos, facilitando el desarrollo de proyectos de negocios. '),(42,'Falta de información por parte de las personas en edad laboral','Personas en edad laboral informadas'),(43,'Falta de información por parte de las empresas','Empresas con acceso a la información laboral'),(44,'Pocas capacitaciones para las personas para incrementar su competitividad laboral y empresarial','Ofertar capacitaciones para las personas incrementando su competitividad laboral y empresarial'),(45,'Escasos vínculos con empresas para la generación de empleos. ','Generar vínculos para incrementar las ofertas de empleos. '),(46,'Poco compromiso por vigilar, medir y evaluar el desempeño de la actividad turística en el Municipio de Oaxaca de Juárez','Vigilar, medir y evaluar el desempeño de la actividad turística en el Municipio de Oaxaca de Juárez'),(47,'Rezago de Oaxaca coo un destino turístico innovador, moderno, competitivo, capaz de satisfacer a diversos nichos de mercado turístico. ','Posicionar a Oaxaca como un destino turístico innovador, moderno y competitivo capaz de satisfacer a diversos nichos de mercado turístico. '),(48,'Desconocimiento del potencial turístico de la Ciudad','Mayor conocimiento del potencial turístico de la Ciudad'),(49,'Poco interés para desarrollar nuevos productos turísticos, para diluir la temporalidad y centralización que actualmente tiene el sector turístico','Desarrollar nuevos productos turísticos, para diluir la temporalidad y centralización que actualmente tiene el sector turístico'),(50,'Pérdida del interés para rescatar las fiestas y tradiciones de la Ciudad de Oaxaca. ','Rescatar las fiestas y tradiciones de la Ciudad de Oaxaca. '),(51,'Poco acceso a la información municipal y sin transparencia','Procurar el acceso a la información municipal del desempeño de la administración'),(52,'Falta de cultura preventiva de fiscalización del ejercicio del gasto público. ','Desarrollar una cultura preventiva de fiscalización del ejercicio del gasto público. '),(53,'Empleo informal','Empleo formal'),(54,'Familias de escasos recursos','Mejorar la economía familiar'),(55,'No se cuentan con las facilidades para la adquisición, construcción y mejoramiento de viviendas para trabajadores y habitantes del Municipio de Oaxaca de Juárez. ','Impulsar la adquisición, construcción y mejoramiento de viviendas para trabajadores y habitantes del Municipio de Oaxaca de Juárez. '),(56,'Escasa cultura de la denuncia','Fomentar la cultura de la denuncia'),(57,'Pocos casos de violencia de género entre la población del Municipio que son denunciados. ','Incremento en los casos de violencia de género que son denunciados en el Municipio. '),(58,'Escaso interés en que los adultos mayores se les brinde un lugar donde se les trate de manera humana y reciban atención médica','Proporcionar a los adultos mayores un lugar donde se les trate de manera humana y reciban atención médica'),(59,'Rechazo a la integración a la vida productiva y laboral a las personas con discapacidades','Integrar a la vida productiva y laboral a personas con discapacidades'),(60,'Incremento en las carencias alimentarias de la población en pobreza extrema. ','Coadyuvar a reducir las carencias alimentarias de la población en pobreza extrema. '),(61,'Servicios médicos especializados a bajos costos insuficientes para la población femenina del Municipio','Mejorar las condiciones de la atención para la salud de la población femenina del Municipio'),(62,'Detección tardía de las enfermedades de la mujer','Detección temprana de alguna enfermedad de la mujer'),(63,'incremento de los problemas psicológicos y de nutrición de la mujer','Disminuir los problemas psicológicos y de nutrición en la mujer'),(64,'Falta de servicios médicos especializados para la atención oportuna de enfermedades crónico-dejenerativas de la mujer. ','Otorgar servicios médicos especializados para la atención oportuna de enfermedades crónico-degenerativas de la mujer.'),(65,'Falta de normatividad en el comercio en vía pública','Adecuación de la normatividad en el comercio en vía pública'),(66,'Falta de estrategias para el mejoramiento en el comercio establecido.','Implementar estratégias para el mejoramiento en el comercio establecido.');

/*Table structure for table `niveles` */

DROP TABLE IF EXISTS `niveles`;

CREATE TABLE `niveles` (
  `id_nivel` int(11) NOT NULL AUTO_INCREMENT,
  `nivel` varchar(50) DEFAULT NULL,
  PRIMARY KEY (`id_nivel`)
) ENGINE=InnoDB AUTO_INCREMENT=3 DEFAULT CHARSET=latin1;

/*Data for the table `niveles` */

insert  into `niveles`(`id_nivel`,`nivel`) values (1,'No definido'),(2,'Propósito');

/*Table structure for table `programas` */

DROP TABLE IF EXISTS `programas`;

CREATE TABLE `programas` (
  `id_programa` int(11) NOT NULL AUTO_INCREMENT,
  `programa` varchar(500) DEFAULT NULL,
  `problema` varchar(500) DEFAULT NULL,
  `efectos` varchar(500) DEFAULT NULL,
  `deseado` varchar(500) DEFAULT NULL,
  `fines` varchar(500) DEFAULT NULL,
  `id_nivel` int(11) DEFAULT NULL,
  `objetivo` text,
  PRIMARY KEY (`id_programa`)
) ENGINE=InnoDB AUTO_INCREMENT=26 DEFAULT CHARSET=latin1;

/*Data for the table `programas` */

insert  into `programas`(`id_programa`,`programa`,`problema`,`efectos`,`deseado`,`fines`,`id_nivel`,`objetivo`) values (1,'Sin nombre','','','','',1,''),(2,'Programa integral de Vinculación Ciudadana','Lenta atención a las demandas sociales de la ciudadanía. ','Sociedad apática y descontenta.','Generar acciones inmediatas de atención a la demanda de la ciudadanía. ','Sociedad más participativa. ',2,'Generar acciones inmediatas de atención a la demanda de la ciudadanía mediante enlace institucional y las acciones directas'),(3,'Programa Municipal de Relaciones Públicas y Comunicación Social','Falta de eventos municipales de calidad, así como la procuración de la difusión oportuna de los mismos en los diferentes medios de comunicación. ','Los habitantes del Municipio desconocen las acciones qque realiza el Ayuntamiento. ','Realizar eventos municipales de calidad, así como la procuración de la difusión oportuna de los mismo en los diferentes medios de comunicación. ','los habitantes del Municipio están informados de las acciones que realiza el Ayuntamiento. ',2,'Realizar eventos municipales de calidad, así como la procuración de la difusión oportuna de los mismos en los diferentes medios de comunicación, cuidando siempre la imagen pública del Presidente Muncipal. '),(4,'Programa General de Innovación Municipal de Oaxaca de Juárez','Procesos ineficientes de los diferentes trámites municipales ','Trámites municipales ociosos. ','Mejorar los diferentes procesos para propiciar la debida agilización de los trámites. ','Trámites municipales más dinámicos.',2,'Mejorar los diferentes procesos para propiciar la debida agilización de los tramites, garantizando de igual manera el adecuado uso de la infraestructura tecnológica en cada una de las oficinas del H. Ayuntamiento del municipio de Oaxaca de Juárez.'),(5,'Programa Jurídico Municipal','Rezago en la resolución de actuaciones de controversia jurídica. ','Falta de credibilidad ante la población. ','Incremento en la resolución de actuaciones de controversia jurídica. ','Certeza jurídica ante la población. ',2,'Intervenir en asuntos de controversia jurídica y de Derechos Humanos, que se relacionen con el H. Ayuntamiento y la ciudadania, los trabajadores del Municipio, dependencias Federales Estatales y entre otros Municipios, así como la realización de estudios legales para el beneficio municipal. '),(6,'Programa Municipal de Catastro y Tenencia de la Tierra ','Deficiente actualización de los registros catastrales. ','Información catstral incompleta.','Registros catastrales actualizados. ','Información catastral actualizada.',2,'Registrar los bienes inmuebles en el padrón predial y sus cambios cualitativos así como coadyuvar en la regularización de asentamientos humanos ubicados dentro de la circunscripción territorial del municipio.'),(7,'Programa de Mejoramiento Social, Cultural y Económica de Agencias y Colonias','Falta de comunicación entre la ciudadanía y el Ayuntamiento. ','Empeoran las condiciones de vida de la población del Municipio. ','Mejorar la retroalimentación de la población con el Ayuntamiento.','Mejoran las condiciones de vida de la población del Municipio.',2,'Procurar que los habitantes del Municipio cuenten con los servicios, programas y proyectos, para alcanzar el desarrollo integral de las diferentes Agencias Municipales. '),(8,'Programa de Conciliación y Arbitraje Municipal','Rezago en los procedimientos que se tramitan ante la Junta de Conciliación y Arbitraje','Deterioro de la imagen de la Junta de Conciliación y su personal ','Los procedimientos de la Junta de Conciliación y Arbitraje se tramitan en tiempo y forma. ','Mejora de la imagen de la Junta de Conciliación y su personal. ',2,'Generar soluciones a conflictos individuales entre el Municipio, sus trabajadores y sindicatos. '),(9,'Programa Municipal de Control Financiero y Administración','Inadecuado registro y seguimiento del presupuesto de egresos. ','Manejo ineficiente de las finanzas públicas. ','Lograr establecer un adecuado registro y seguimiento del presupuesto de egresos. ','Manejo eficiente de las finanzas públicas. ',2,'Lograr establecer un adecuado registro y seguimiento del presupuesto de egresos, reflejandose en una contabilidad clara, veraz y oportuna, así como una buena administración municipal de los recursos financieros, humanos y materiales.'),(10,'Programa Municipal de Intervención en materia de Desarrollo Urbano y Ecología','Escaso interés en la alineaciónde la progresión urbana con las directrices de desarrollo de ciudades compactas. ','Desarrollo urbano ineficiente.','Alinear la progresión urbana con las directrices de desarrollo de ciudades compactas.','Mejor desarrollo urbano del Municipio.',2,'Alinear la progresión urbana con las directrices de desarrollo de ciudades compactas. '),(11,'Programa de Urbanización','','','','',1,''),(12,'Programa de Mejoramiento y Mantenimiento de la Imagen Urbana del Municipio de Oaxaca de Juárez','Sevicios públicos municipales deficientes.','Insatisfacción ciudadana con los servicios públicos municipales. ','Proporcionar servicios públicos municipales, con oportunidad, eficiencia y calidad a los ciudadanos y usiarios del Municipio de Oaxaca de Juárez. ','Ciudadanía más satisfecha con los servicios públicos municipales.',2,'Proporcionar  Servicios Públicos Municipales, con oportunidad, eficiencia y calidad a  los ciudadanos y usuarios del Municipio de Oaxaca de Juárez.'),(13,'Programa Municipal de Ordenamiento Comercial Establecido y en Vía Pública','Escasas acciones que ayuden a fomentar el mejoramiento del comercio establecido y el ordenamiento comercial en vía pública. ','No existe el libre tránsito en las diversas calles del centro histórico, no hay una certeza comercial para los comercios establecidos del centro histórico y mercados municipales.','Realizar acciones que ayuden a fomentar el mejoramiento del comercio establecido y el ordenamiento comercial en vía pública. ','Recuperar el libre tránsito en las diversas calles del centro histórico, e incrementar la afluencia en los comercios establecidos del centro histórico y mercados municipales, obteniendo una mayor certeza comercial.',2,'Otorgar a la ciudadanía un mejoramiento en el comercio establecido, así como el ordenamiento comercial en vía pública, para recuperar el libre tránsito en la diversas calles del centro histórico, e incrementar la afluencia en los comercios establecidos del Centro Histórico y mercados municipales, obteniendo una mayor certeza comercial.'),(14,'Programa Salud EDUCARTE','Escasas acciones que fomenten la equidad de oportunidades en materia de salud, educación y cultura','Sociedad con problemas de inequidad.','Promoción adecuada al acceso en igualdad de oportunidades, para hombres y mujeres de todas las edades y condiciones sociales en los ámbitos de salud, educación y cultura','Sociedad más equitativa.',2,'Coadyuvar en el desarrollo integral de los oaxaqueños, promoviendo el acceso en igualdad de oportunidades, para hombres y mujeres de todas las  edades y condiciones sociales en los ámbitos de  salud, educación y cultura; mediante estrategias que permitan mejorar su nivel de vida y  contribuyan al progreso municipal, estatal y nacional.'),(15,'Programa Municipal de Atención a la Juventud, Grupos Sociales y Deporte','Escasa promoción del deporte para el cuidado de la salud; poco empoderamiento de jóvenes; y la carencia del fortalecimiento de las organizaciones comunitarias y los derechos humanos. ','Sociedad con problemas de inequidad.','Promover el desarrollo de las capacidades humanas mediante la promoción del deporte para el cuidado de la salud; el empoderamiento de jóvenes; el fortalecimiento de las organizaciones comunitarias y el fomento de los derechos humanos. ','Sociedad más equitativa.',2,'Promover el desarrollo de las capacidades humanas mediante la promoción del deporte para el cuidado de la salud; el empoderamiento de jóvenes; el  fortalecimiento de las organizaciones comunitarias y el fomento de los derechos humanos.'),(16,'Programa de Seguridad Integral del Municipio de Oaxaca de Juárez','Deficiente atención a los problemas de la ciudadanía en materia de seguridad','Sentimiento de inseguridad pública de los habitantes del Municipio de Oaxaca de Juárez. ','Atención oportuna a los problemas ciudadanos en materia de seguridad ','Preservar el orden público, seguridad genral y patrimonial de los habitantes del Municipio de Oaxaca de Juárez. ',2,'Proporcionar una mejor seguridad a los ciudadanos y visitantes del Municipio de Oaxaca de Juárez, atendiendo de manera eficiente los reportes de los habitantes, elevando así la calidad de vida de los mismos.'),(17,'Programa de Vinculación Empresarial y Establecimiento de Procesos Eficientes para el Desarrollo Empresarial ','Poco desarrollo empresarial por la inaccesibilidad al financiamiento a la banca comercial y programas de desarrollo gubernamental','Cierre de negocios. ','Fortalecer el desarrollo empresarial, mediante la facilitación al financiamiento a la banca comercial y programas de desarrollo gubernamental','Creación de nuevos negocios. ',2,'Fortalecer el desarrollo empresarial, mediante la facilitacion al acceso al financiamiento a la banca comercial y programas de desarrollo gubernamental facilitando el desarrollo de proyectos de negocio.'),(18,'Programa de Capacitación y Fomento al Empleo','Escasa generación de nuevos empleos para los habitantes en edad productiva, poco desarrollo laboral y empresarial del Municipio','Altos índices de desempleo.','Propiciar la generación de nuevos empleos para los habitantes en edad productiva y mejorar el desarrollo laboral y empresarial del Municipio','Decremento de los índices de desempleo. ',2,'Propiciar la generación de nuevos empleos para los habitantes en edad productiva, reduciendo así los índices de desempleo. Mejorar el desarrollo laboral y empresarial del Municipio, elevando el nivel de los servicios y atención los consumidores. '),(19,'Programa de Promoción y Difusión Turística','Poco aprovechamiento, falta de administración y desmejorar el potencial turístico de la Ciudad de Oaxaca. ','Derrama económica proveniente de la actividad turística estancada. ','Aprovechar, administrar y optimizar el potencial turístico de la Ciudad de Oaxaca. ','Mayor derrama económica proveniente de la actividad turística en la ciudad. ',2,'Aprovechar, administrar y optimizar el potencial turístico de la ciudad de Oaxaca y de los valles centrales para generar una mayor derrama económica en turismo.'),(20,'Programa de Fomento e Impulso Turístico','Carencia para proveer a las empresas de servicios turísticos, estudiantes, gobierno y sociedad, las herramientas que fortalezcan la actividad turística. ','Actividad turística estancada. ','Facilitar y proveer a las empresas de servicios turísticos, estudiantes, gobierno y sociedad las herramientas que fortalezcan la actividad turística. ','Incremento de la actividad turística en la ciudad. ',2,'Facilitar y proveer para las empresas de servicios turísticos, estudiantes, gobierno y sociedad las herramientas que fortalezcan la actividad turística.'),(21,'Programa Municipal de Transparencia y Rendición de Cuentas','Falta de mecanismos de fiscalización ','Escasa cultura de transparencia y rendición de cuentas de la administración púbica municipal.','Adecuados mecanismos de fiscalización','Fomentar los principios de transparencia y rendiión de cuentas.',2,'Fomentar los principios de transparencia y rendición de cuentas, para contribuir a elevar la confianza y credibilidad de la Administración Municipal ante la ciudadania.'),(22,'Programa de Acercamiento a los Créditos de Vivienda','Escaso acceso a créditos para la adquisición, mejora o ampliación de una vivienda digna. ','Pocos trabajadores pueden acceder a una vivienda propia o mejorar la actual. ','Facilitar a los trabajadores el acceso a créditos para adquirir una vivienda nueva, mejorar o ampliar su vivienda actual de los trabajadores. ','Incremento en los trabajadores que cuenten con vivienda propiao mejoren su vivienda actual. ',2,'Facilitar a los trabajadores el acceso a créditos para adquirir una vivienda nueva, mejorar o ampliar su  vivienda actual  de los trabajadores para mejorar su calidad de vida y la de sus familias.'),(23,'Programa hacia una Cultura con Equidad de Género','Escasa atención en los casos de violencia de género en el Municipio. ','Altos porcentajes de violencia de género entre la población del Municipio. ','Atender los casos de violencia de género en el Municipio. ','Reducir los porcentajes de violencia de género entre la población del Municipio. ',2,'Atender los casos de violencia de género en el municipio de Oaxaca de Juárez para elevar la calidad de vida de la población'),(24,'Programa de Asistencia Social a Familias y Grupos Vulnerables','Escasez de servicios integrales de asistencia social que permitan reducir el rezago social','Malas condiciones de vida de la población vulnerable del Municipio. ','Proporcionar servicios integrales de asistencia social que permitan reducir el rezago social. ','Mejorar la condición de vida de la población vulnerable del Municipio. ',2,'Mejorar la condición de vida de la población vulnerable del Municipio de Oaxaca de Juárez, a través de servicios integrales de asistencia social que permitan reducir el rezago social.'),(25,'Programa de Salud y Bienestar para la Mujer','Escasa atención médica integral para las mujeres del Municipio ','Incremento del número de mujeres con algún problema de salud, disminuyendo su calidad de vida.','Brindar atención médica integral para las mujeres del Municipio','Contribuir al estado fisico, psicológico, nutricional y médico en beneficio de las mujeres, mejorando su calidad de vida. ',2,'Brindar atención médica integral a la población femenina de nuestro municipio.');

/*Table structure for table `programas_medios` */

DROP TABLE IF EXISTS `programas_medios`;

CREATE TABLE `programas_medios` (
  `id_programa` int(11) NOT NULL,
  `id_medio` int(11) NOT NULL,
  PRIMARY KEY (`id_programa`,`id_medio`)
) ENGINE=InnoDB DEFAULT CHARSET=latin1;

/*Data for the table `programas_medios` */

insert  into `programas_medios`(`id_programa`,`id_medio`) values (2,1),(2,2),(2,3),(3,4),(3,5),(4,6),(4,7),(5,8),(5,9),(6,10),(6,11),(6,12),(6,13),(7,14),(7,15),(7,16),(7,17),(8,8),(8,9),(9,18),(9,19),(10,20),(10,21),(12,22),(12,23),(12,24),(12,25),(13,26),(13,27),(14,28),(14,29),(14,30),(15,31),(15,32),(15,33),(16,34),(16,35),(16,36),(16,37),(17,38),(17,39),(17,40),(17,41),(18,42),(18,43),(18,44),(18,45),(19,46),(19,47),(20,48),(20,49),(20,50),(21,51),(21,52),(22,53),(22,54),(22,55),(23,56),(23,57),(24,58),(24,59),(24,60),(25,61),(25,62),(25,63),(25,64);

/*!40101 SET SQL_MODE=@OLD_SQL_MODE */;
/*!40014 SET FOREIGN_KEY_CHECKS=@OLD_FOREIGN_KEY_CHECKS */;
/*!40014 SET UNIQUE_CHECKS=@OLD_UNIQUE_CHECKS */;
/*!40111 SET SQL_NOTES=@OLD_SQL_NOTES */;
